time,trial 1,trial 2,trial 3,trial 4,trial 5,trial 6,trial 7,trial 8,trial 9,trial 10,trial 11,trial 12
0,2.0,2.0,2.0,2.0,2.0,2.0,2.0,2.0,2.0,2.0,2.0,2.0
1,22.70510021661746,18.177902134802785,26.10000539133581,22.81615666988331,27.34833706693913,29.741208364980483,20.992540981341968,10.906722935590407,19.585875247343623,12.7394714816668,22.60236689305579,18.94985244346916
2,230.76255072435205,83.26583378719248,247.55621655957916,201.87659749822052,271.18868012655156,168.03536150699094,238.3227344694495,153.45654472111173,176.47582857590098,154.5545712765399,105.93922090047823,257.28559042401787
3,1262.1958360381916,1079.1958609727963,3664.2844105584827,1849.7441975178826,2243.1245548727697,2328.8986881094083,1588.9234115282663,955.1634784655835,1849.3943055844725,1043.1799449599416,1240.7021950110507,2167.259799618035
4,6897.9802101202795,14040.902839452847,27695.26028481437,9187.566828531553,14032.601671247781,9656.20409289214,12250.136013233003,10446.239074100407,18515.43317915714,6408.055720987845,5692.620835256346,29905.792041812558
5,86917.86663452651,135351.58584257087,326582.50904851407,129648.6182510962,74745.61211981071,133019.0914430676,133361.3698269136,46521.694830561726,211408.06008758518,49167.632622501325,23267.197838188433,126449.32478739932
6,487885.6744537232,1183261.6741447423,3715988.7120326106,1859075.4474201153,557904.7787552311,1387748.7501213823,757049.3320340639,247963.06382768042,2722120.005986783,405387.72466610314,260137.82335733486,1035186.8626913883
7,6116411.993743296,6201713.821634722,26726565.193799194,14408345.398145165,3980942.2310152696,18233655.94083278,9359550.318119092,2020935.888427538,36669393.79884198,3708959.075771191,1367807.6968145624,13226149.579900138
