time,trial 1,trial 2,trial 3,trial 4,trial 5,trial 6,trial 7,trial 8,trial 9,trial 10,trial 11,trial 12,trial 13,trial 14,trial 15,trial 16,trial 17
0,4,4,4,4,4,4,4,4,4,4,4,4,4,4,4,4,4
1,230.22372744822923,59.083697571163476,204.41825463444042,251.50996796514852,30.236572526279378,120.31082234893472,130.91870510690043,23.656984841668073,270.1933363974179,16.214267970625762,100.3914744878379,269.1468828490844,159.87291744250453,251.44078746109426,24.5184631027802,150.091178210206,311.11628840336135
2,307.22534942078175,277.5018725353553,470.4270235204918,303.9664080805305,177.36742916278962,164.05281507522542,367.8464266723104,231.51045429711982,434.9768515703973,35.397113316526514,362.6933734379204,379.02600649367713,293.5938870470791,294.3298260680751,128.71090410763208,370.9513550052925,380.7833033902353
3,503.04678296373265,386.4325733705789,764.8042237403868,357.7505135650824,451.22991590647786,229.47394256714736,404.59881020563927,253.303965482151,710.92340554408,344.611547300378,404.16907065119716,433.2155430940047,458.30948362879053,496.0578350476708,170.29811976802858,644.6853995203115,568.274494338725
4,701.7765381376576,684.542075359565,984.7497651566039,565.3465400067735,562.0252111647673,384.443489766477,637.6219276378374,428.9299196985719,729.0565032523826,638.2565799238555,445.6530044871345,470.1704284866313,630.1681161085277,758.2305984466016,314.77291345797823,823.2640661421706,702.9494796160936
5,924.106305322575,897.4830072419093,1299.451049134217,631.2128534182428,658.3141926224972,486.74417590395836,892.1974282521481,535.840832430265,786.8539446732752,915.3745425802283,670.1113993342321,699.4779718894663,837.9189040820673,1008.0129461486445,502.8249801664027,947.0788173284354,790.6743716657872
6,951.7969797281446,1016.7014585222075,1385.5939419504866,908.5964316179503,877.6262272233035,639.9184155784657,926.8096065708658,722.8643087167646,849.1327641691381,950.832621626295,725.7978863154538,936.0399448444549,1098.1795000051961,1031.0058584685446,663.9931287943803,1167.8534927488492,817.7800192424925
