time,trial 1,trial 2,trial 3,trial 4,trial 5,trial 6,trial 7,trial 8,trial 9,trial 10,trial 11,trial 12,trial 13,trial 14,trial 15,trial 16,trial 17,trial 18,trial 19,trial 20,trial 21
0,50.0,50.0,50.0,50.0,50.0,50.0,50.0,50.0,50.0,50.0,50.0,50.0,50.0,50.0,50.0,50.0,50.0,50.0,50.0,50.0,50.0
1,36.410731765835266,39.66364133819151,45.271786880280494,49.7201435067592,47.6371949642518,38.53137632729921,35.70679766502673,39.488078851554306,48.655868168201756,48.68266652199505,45.540563279676824,41.617711969909266,47.052510960489045,39.355305597292734,42.86555254273631,40.352032021963744,47.10013603567066,48.16247086577617,39.87725877128748,49.77260455330727,38.16322764646416
2,26.546516059077568,28.670734303714728,37.36506824879302,38.863116279229644,40.15070451819748,33.951636834457446,31.655913227790943,39.19934821597853,38.26031949202699,38.99842885309118,44.29493676945998,37.503699137584235,37.52867588151981,28.41716305972197,37.26469006874728,38.49761614781708,38.336930847915404,33.815055567015065,28.197279030351712,37.1852904825869,33.67305975297936
3,24.166230413879955,21.290453256867668,34.959567343109526,33.14440983856048,29.237980635822822,24.94352304810004,22.68970187308718,29.867418169618894,36.703978261267295,28.22535660056523,35.94255377974342,33.7767155240711,36.064331356580006,24.74487145238635,27.300686543331537,28.133127670132403,38.07263525499978,26.4876643223276,23.272080796595016,26.455425591387424,24.591466108363853
4,23.813038974032477,16.572624141161278,27.050173774915613,31.467910923644478,25.539923602856405,20.691992910492623,22.146273808541554,22.56709457846827,30.043356817141536,22.432902781598,35.28569076230209,27.05657715791571,25.77797930550168,17.6213669563548,21.61595023712758,25.119520981835024,33.78766124817814,22.536924360842644,18.414323013657885,24.971945062494644,20.86238350842692
5,18.571795072430287,14.412055978167603,26.130095469906845,27.92534961913677,20.758573629884317,19.2107737736973,15.969769424995095,21.38879122335023,24.56284246115734,17.478874639348856,28.276892071242052,26.894235550562556,19.58686041855825,16.502700614620085,15.819419231595802,23.49325681123398,27.096852989780015,18.276899122308887,13.095224639384194,23.51778396143748,17.54354599428848
